experiment_id,description,control_result,test_result,metric_name,metric_value,date,researcher,location
E123,Growth rate of plants under different light conditions,0.2 cm/day,0.5 cm/day,growth_index,2.5,2023-01-15,Dr. Green,Lab A
E124,Effect of temperature on enzyme activity,No activity,Incresed activity at 37°C,temperature_effectiveness,0.8,2023-02-10,Dr. Blue,Lab B
E126,Comparison of fuel efficiency in hybrid vs. electric cars,20 mpg,50 mpg,efficiency_increase,30%,2023-04-22,Dr. Yellow,Field A
E127,Effect of various diets on weight loss,1 kg/week,2.5 kg/week,weight_loss_ratio,2.5,2023-05-18,Dr. White,Lab D
E128,Impact of water hardness on detergent effectiveness,50% stain removal,80% stain removal,effectiveness_gain,30,2023-06-22,Dr. Black,Lab E
E129,Analysis of chemical reaction rates at different temperatures,Slow reaction,Rapid reaction at 60°C,reaction_time,15 mins,2023-07-15,Dr. Orange,Lab E
E130,Testing different water purification methods,0.5 ppm contaminants,0.1 ppm contaminants with new method,purity_increase,80%,2023-08-05,Dr. Purple,Lab F
E131,Effects of varying light intensities on solar panel efficiency,80% efficiency,90% efficiency at high intensity,efficiency_gain,10%,2023-09-20,Dr. Gray,Field B
E132,Comparative study of different insulation materials,Standard insulation,Improved thermal resistance with new material,thermal_resistance,High,2023-10-10,Dr. Brown,Lab G
E133,Impact of different exercise regimes on cardiovascular health,Moderate improvement,Significant improvement with high-intensity training,heart_health_index,4.2,2023-11-05,Dr. Pink,Lab H
E134,Study on the durability of new construction materials,5 years,10 years,durability_increase,5,2023-12-12,Dr. Silver,Site A
E135,Effects of different fertilizers on crop yield,500 kg/acre,700 kg/acre,yield_increase,40%,2023-12-18,Dr. Gold,Field C
E136,Study of air quality improvements using different filtration systems,PM2.5 reduction by 30%,PM2.5 reduction by 60% with new system,air_quality_index,2,2023-08-20,Dr. Cyan,Lab J
E137,Effects of UV radiation on bacterial growth,Bacterial growth normal,Bacterial growth reduced by 75%,bacterial_reduction_index,3,2023-09-15,Dr. Magenta,Lab K
E138,Comparison of battery life in different smartphone models,Battery life of 10 hours,Battery life of 15 hours,battery_life_gain,50%,2023-11-25,Dr. Violet,Lab L
E139,Impact of different teaching methods on student performance,Moderate improvement,Significant improvement with interactive learning,performance_index,3.8,2023-12-10,Dr. Indigo,School A
